condition,mean,std,count
control,80.31666666666666,5.667306377982482,60
language,36.03333333333333,22.559889258415147,180
persona,79.5,5.882389859593722,240
