experiment,control_mean,control_std,control_n,persona_mean,persona_std,persona_n,language_mean,language_std,language_n,t_persona_vs_control,p_persona_vs_control,cohens_d_persona,t_language_vs_control,p_language_vs_control,cohens_d_language,power_persona,required_n_persona_80pct,power_language,required_n_language_80pct
persona_causal_effect,0.006470923853720745,0.009678699346780017,60,0.009616743003922686,0.01177737378107709,240,0.002766846900422138,0.007435301075114701,120,2.15082422699844,0.03373769455019729,0.2918407064420219,-2.6049001810636194,0.01066950163885276,-0.4291991182041783,0.3542149787915029,185.27355984192693,0.644947037626345,86.18652974448943
